model,DCI_Disent,DCI_Compl,DCI_Info_train,DCI_Info_test
encdiff_base_e15,0.9917336912887079,0.7397507944872828,1.0,0.997
hybrid_mi0.15_e15,0.9910531392845187,0.736640662778238,1.0,0.9981666666666666
hybrid_mi0.3_e15,0.9916959725167269,0.7427303143845291,1.0,0.9978333333333332
hybrid_mi0.3_extend_e25,0.992955877562133,0.7498018542502037,1.0,0.9973333333333333
hybrid_mi0.5_e15,0.9910675236885443,0.7415882633312915,1.0,0.9976666666666666
hybrid_mi1.0_e15,0.990781547916082,0.7136428276818678,1.0,0.9978333333333333
vqvae_baseline,0.8752851981209455,0.4409984481473047,1.0,0.9750000000000001
