model,MIG
encdiff_base_e15,0.36111623700474343
hybrid_mi0.15_e15,0.3853165250546526
hybrid_mi0.3_e15,0.41147653332684636
hybrid_mi0.3_extend_e25,0.4094777052883433
hybrid_mi0.5_e15,0.3653760607441547
hybrid_mi1.0_e15,0.2552423141077533
vqvae_baseline,0.014457143957086797
